posteam,week,defteam,epa,pass_epa,rush_epa,success,pass_success,rush_success
ARI,1,TEN,0.18510035134424338,0.40524175779719046,-0.031101258912857158,0.40298507462686567,0.4444444444444444,0.36363636363636365
ARI,2,MIN,0.11648162638779593,0.18709064440500384,-0.09555268405852577,0.5166666666666667,0.5116279069767442,0.5
ARI,3,JAX,0.21610276282502275,0.23399294495978337,0.08214748596785487,0.53125,0.5384615384615384,0.48148148148148145
ARI,4,LA,0.3059580654482863,0.4285361153867813,0.10754447785010048,0.5616438356164384,0.6097560975609756,0.4857142857142857
ARI,5,SF,-0.01208032034071272,0.013434162755810513,-0.024830826783727392,0.45614035087719296,0.5294117647058824,0.375
ARI,6,CLE,0.2237708940696204,0.5429317664112531,-0.030491334881766568,0.4393939393939394,0.5405405405405406,0.37142857142857144
ARI,7,HOU,0.13694302835856903,0.3696210927715596,-0.11988472323162783,0.4925373134328358,0.6,0.38235294117647056
ARI,8,GB,0.05028688398359174,0.08954423095416039,0.03014916391985024,0.509090909090909,0.5897435897435898,0.4
ARI,9,SF,0.24492310247439059,0.5916943579086364,-0.034523907368446405,0.44776119402985076,0.59375,0.32432432432432434
ARI,10,CAR,-0.5789253617088127,-0.5303720974616775,-0.5558539123798255,0.2830188679245283,0.2857142857142857,0.3
ARI,11,SEA,0.18013296940262163,0.4086200135501726,-0.09186680479756286,0.5454545454545454,0.6,0.4838709677419355
ARI,13,CHI,0.12120204620739755,0.5045789848483022,-0.09880526073316805,0.46153846153846156,0.5217391304347826,0.41935483870967744
ARI,14,LA,-0.060379984100781395,-0.043639549866972174,-0.20207961396012897,0.4533333333333333,0.45901639344262296,0.35294117647058826
ARI,15,DET,-0.208128337424053,-0.25279984830549634,0.06558130585318922,0.410958904109589,0.4,0.47368421052631576
ARI,16,IND,0.059372578119481136,-0.06914208879883728,0.27281160269298466,0.46875,0.45454545454545453,0.47619047619047616
ATL,1,PHI,-0.27938932033814085,-0.3815475351693346,-0.10708534296739984,0.34375,0.38636363636363635,0.2962962962962963
ATL,2,TB,-0.27187962560226586,-0.18366594251898943,-0.44809051658448296,0.44285714285714284,0.5,0.35
ATL,3,NYG,0.03305041701510065,0.20649748084081404,-0.19902430667960871,0.3728813559322034,0.4634146341463415,0.23809523809523808
ATL,4,WAS,0.10580506010330491,0.4030666156603821,-0.20080347426227052,0.43661971830985913,0.5208333333333334,0.3333333333333333
ATL,5,NYJ,0.16161033310161774,0.3352480085404679,-0.07531789023362635,0.5,0.5510204081632653,0.42857142857142855
ATL,7,MIA,0.11623987711665157,0.18541623624059259,-0.03667628515732326,0.4426229508196721,0.5,0.3157894736842105
ATL,8,CAR,-0.22568702069174898,-0.1488245226320767,-0.1341522992649851,0.38,0.47058823529411764,0.3157894736842105
ATL,9,NO,0.09596352319423053,0.487281056261311,-0.6921942965505877,0.38181818181818183,0.5945945945945946,0.0
ATL,10,DAL,-0.4606960720115013,-0.7782186373715653,-0.13119313609786332,0.32075471698113206,0.3103448275862069,0.32
ATL,11,NE,-0.6108968453291499,-0.5933668857461797,-0.46793837784207426,0.34615384615384615,0.42105263157894735,0.1875
ATL,12,JAX,0.10845947546247196,0.18560336086920873,0.04554127356655394,0.47368421052631576,0.53125,0.4230769230769231
ATL,13,TB,-0.05242073498658004,-0.10435026667380391,0.019803543190143748,0.463768115942029,0.46938775510204084,0.4090909090909091
ATL,14,CAR,0.03672035449873292,0.18943279576363023,-0.0989659523741076,0.36507936507936506,0.3870967741935484,0.34285714285714286
ATL,15,SF,-0.23261429140276452,-0.1252577842736272,-0.3580567198483837,0.3275862068965517,0.4,0.21052631578947367
ATL,16,DET,0.08358392469105387,0.20963711914894193,-0.20951674063690007,0.4318181818181818,0.5555555555555556,0.2222222222222222
BAL,1,LV,-0.047958187244139396,0.08807802747716476,-0.2123349237781777,0.4090909090909091,0.525,0.25925925925925924
BAL,2,KC,0.17667740679535282,0.02793679852188716,0.25048267315198647,0.6176470588235294,0.5757575757575758,0.6097560975609756
BAL,3,DET,0.06036792230951625,0.1803487875959972,-0.31520469702149206,0.42857142857142855,0.425,0.4117647058823529
BAL,4,DEN,0.1018672774765533,0.20556675453473397,-0.1329921319692706,0.4857142857142857,0.5,0.43333333333333335
BAL,5,IND,0.29063080667274294,0.6742530018362305,-0.7996638532655901,0.6164383561643836,0.7407407407407407,0.2631578947368421
BAL,6,LAC,0.058067906261238485,-0.0799630946694009,0.16064063941816772,0.5606060606060606,0.48484848484848486,0.6176470588235294
BAL,7,CIN,-0.14045357797239805,-0.22642584082027953,0.0698861725427883,0.352112676056338,0.32727272727272727,0.3888888888888889
BAL,9,MIN,0.1052774836435949,0.020771647357281778,0.2986219984452815,0.5168539325842697,0.4827586206896552,0.55
BAL,10,MIA,-0.2740263238150921,-0.249980525205807,-0.14258449080424676,0.417910447761194,0.45098039215686275,0.42105263157894735
BAL,11,CHI,-0.0875828614821171,-0.06059067657741395,-0.05656140895485667,0.40789473684210525,0.42857142857142855,0.40625
BAL,12,CLE,-0.13086975948961282,-0.21203750519270587,-0.04166464859008556,0.4189189189189189,0.43902439024390244,0.3888888888888889
BAL,13,PIT,0.05486228877641703,0.20517011300027752,-0.12539160509080316,0.38571428571428573,0.4489795918367347,0.28
BAL,14,CLE,-0.10478489468060807,-0.1130143332106686,-0.2872021126824551,0.463768115942029,0.42857142857142855,0.47058823529411764
BAL,15,GB,0.20850001507132218,0.18401384479987723,0.26805562253438814,0.4925373134328358,0.4807692307692308,0.5294117647058824
BAL,16,CIN,0.09860078938021488,0.3202402374054972,-0.5914500792685431,0.47368421052631576,0.5454545454545454,0.26666666666666666
BUF,1,PIT,-0.09832721952709139,-0.12417622126783563,-0.15348480218017357,0.4050632911392405,0.4098360655737705,0.375
BUF,2,MIA,0.16109107055048139,0.09254142126820875,0.25084563448259495,0.43548387096774194,0.43243243243243246,0.4230769230769231
BUF,3,WAS,0.23517763634740088,0.448094349707672,-0.09671412740890109,0.49333333333333335,0.5714285714285714,0.37037037037037035
BUF,4,HOU,0.11665777241655953,0.08879151429373101,0.14297590508811986,0.6,0.6470588235294118,0.5555555555555556
BUF,5,KC,0.35192293677403086,0.652613073221225,-0.10843702434288825,0.49019607843137253,0.5483870967741935,0.391304347826087
BUF,6,TEN,0.12116740855036413,0.32812460010643146,-0.3036806710617384,0.47297297297297297,0.543859649122807,0.3
BUF,8,MIA,0.04478547823256622,0.2462302225369369,-0.38836969874316923,0.42424242424242425,0.5,0.3181818181818182
BUF,9,JAX,-0.1661722834084579,-0.09859828539904915,-0.6923025755836121,0.4,0.42857142857142855,0.18181818181818182
BUF,10,NYJ,0.461130498185441,0.5538395618470486,0.12575184404877723,0.6078431372549019,0.5882352941176471,0.5714285714285714
BUF,11,IND,0.012437887454542721,-0.11665173440768561,0.32423726231411387,0.5454545454545454,0.5116279069767442,0.6153846153846154
BUF,12,NO,0.14815982811609751,0.3765201239794962,-0.21570474729898187,0.532258064516129,0.6842105263157895,0.32142857142857145
BUF,13,NE,-0.19168536626316585,-0.09383531657502853,-0.4117590511991044,0.3508771929824561,0.4594594594594595,0.14285714285714285
BUF,14,TB,0.07560802565476568,-0.0195897996552081,0.47509415833701496,0.4868421052631579,0.4444444444444444,0.6875
BUF,15,CAR,0.11393223389118314,0.22717187394925653,-0.16111430975545843,0.4603174603174603,0.5476190476190477,0.3076923076923077
BUF,16,NE,0.3098488740729307,0.42199823458864305,-0.034870402672095215,0.5405405405405406,0.5576923076923077,0.44
CAR,1,NYJ,-0.015247367443952105,0.038350310184872255,-0.15779667874085135,0.43333333333333335,0.43243243243243246,0.4166666666666667
CAR,2,NO,0.06534731570315595,0.2960769029192937,-0.2012659416872369,0.4520547945205479,0.5681818181818182,0.3125
CAR,3,HOU,0.19368104389973642,0.3652424109174146,-0.029431660470938086,0.4626865671641791,0.5365853658536586,0.3793103448275862
CAR,4,DAL,0.08015057146512317,0.04618002579259922,0.20375618482781152,0.4852941176470588,0.5,0.5
CAR,5,PHI,-0.2988178640583671,-0.4056419055058652,-0.14244361993367155,0.4,0.4186046511627907,0.35714285714285715
CAR,6,MIN,-0.2739699022569769,-0.2347062856184362,-0.024529776361305267,0.38235294117647056,0.37037037037037035,0.5263157894736842
CAR,7,NYG,-0.35488349370744665,-0.4752340761360136,-0.07612364728265672,0.3548387096774194,0.3125,0.4375
CAR,8,ATL,0.06038604609122214,0.22382229368451192,-0.08672019968732708,0.49295774647887325,0.5172413793103449,0.4772727272727273
CAR,9,NE,-0.49307425519929476,-0.6960419307064004,-0.17888878023118845,0.2982456140350877,0.2631578947368421,0.3333333333333333
CAR,10,ARI,0.003736946401064345,0.14896319411737877,-0.16089921231242477,0.4857142857142857,0.4722222222222222,0.47368421052631576
CAR,11,WAS,0.15018732541284407,0.13167915717048315,0.08693961575183844,0.4791666666666667,0.5172413793103449,0.38095238095238093
CAR,12,MIA,-0.31362318020977975,-0.5207897047968455,0.017462503872689286,0.3148148148148148,0.21621621621621623,0.47368421052631576
CAR,14,ATL,-0.17512275799996252,-0.10161575580311294,-0.22827511484851137,0.4838709677419355,0.5384615384615384,0.4
CAR,15,BUF,-0.1940942128306089,-0.23484189816281045,-0.0016383435332848353,0.3835616438356164,0.3541666666666667,0.5
CAR,16,TB,-0.3320208205226668,-0.35686596781198676,-0.11658114377253999,0.2835820895522388,0.32727272727272727,0.26666666666666666
CHI,1,LA,-0.09573871645134999,-0.20888750177627025,0.11641525603287543,0.5362318840579711,0.5555555555555556,0.5
CHI,2,CIN,-0.23639133373052199,-0.05524601121474463,-0.38702443250804214,0.3620689655172414,0.3888888888888889,0.3076923076923077
CHI,3,CLE,-0.6063796942159032,-0.5027529494567483,-0.3392395929730629,0.23809523809523808,0.24242424242424243,0.3333333333333333
CHI,4,DET,0.193241400079009,0.2760968907415256,0.16821954096990843,0.45454545454545453,0.5,0.4444444444444444
CHI,5,LV,0.0037998843196896553,0.2630957657471299,-0.13815362457218233,0.4576271186440678,0.52,0.4473684210526316
CHI,6,GB,0.019908108875633365,-0.024396534430800382,0.10981808343918105,0.45614035087719296,0.46153846153846156,0.4090909090909091
CHI,7,TB,-0.4364551428567235,-0.6483982443606645,-0.05976208665709815,0.4153846153846154,0.38636363636363635,0.45454545454545453
CHI,8,SF,0.09052261106393306,0.33787117821721036,-0.27822349016371717,0.417910447761194,0.5238095238095238,0.25
CHI,9,PIT,0.11959706888711318,0.034188617650745406,0.0925647843867496,0.4482758620689655,0.4146341463414634,0.42857142857142855
CHI,11,BAL,-0.03737575088031152,0.030354966099187686,-0.128018778503261,0.3448275862068966,0.3,0.47368421052631576
CHI,12,DET,0.048611883998590684,0.2308158339666865,-0.365668237973612,0.36363636363636365,0.4772727272727273,0.13043478260869565
CHI,13,ARI,-0.16919074416303514,-0.2561358499512402,0.12157215629905781,0.4166666666666667,0.42,0.46153846153846156
CHI,14,GB,-0.12844813842536934,-0.12381350932114961,-0.03458791238178189,0.3620689655172414,0.3829787234042553,0.3333333333333333
CHI,15,MIN,-0.1624980265958286,0.016597759135097583,-0.5322755618908558,0.4492753623188406,0.5319148936170213,0.2916666666666667
CHI,16,SEA,0.07371143101939602,0.2563599089128449,-0.09618241822657486,0.4492753623188406,0.5348837209302325,0.3333333333333333
CIN,1,MIN,-0.029862233173665195,0.20229934195012883,-0.16615381208652658,0.3880597014925373,0.46875,0.3333333333333333
CIN,2,CHI,-0.3443167297384137,-0.43081695884179233,-0.19294132880750112,0.41818181818181815,0.45714285714285713,0.35
CIN,3,PIT,0.1416154883653634,0.3206401208703053,-0.15504461183974688,0.46153846153846156,0.5,0.36363636363636365
CIN,4,JAX,0.32717926586347296,0.4806330143245681,-0.005680953052333935,0.5454545454545454,0.5714285714285714,0.4782608695652174
CIN,5,GB,0.012206788931346066,0.006078497420361414,-0.052935309204331524,0.48484848484848486,0.45454545454545453,0.5217391304347826
CIN,6,DET,0.20002133138575745,0.3868992683456315,-0.03491303079187802,0.4461538461538462,0.4878048780487805,0.39285714285714285
CIN,7,BAL,0.3021937490577693,0.5182728938451558,-0.03993156352225919,0.43548387096774194,0.5263157894736842,0.2916666666666667
CIN,8,NYJ,0.022686101215478167,0.0807434984574996,-0.11155539791798219,0.4716981132075472,0.48717948717948717,0.4666666666666667
CIN,9,CLE,-0.31799126249723214,-0.37845844418873453,-0.08143656604282556,0.43661971830985913,0.52,0.32
CIN,11,LV,0.018599467539842537,0.2270688156171993,-0.08760881286387905,0.4714285714285714,0.5897435897435898,0.4
CIN,12,PIT,0.19216735331630194,0.09238755068144605,0.23275040308898928,0.5538461538461539,0.5666666666666667,0.5263157894736842
CIN,13,LAC,-0.2868915521021581,-0.15127358779562328,-0.67262124216591,0.3611111111111111,0.38,0.28
CIN,14,SF,0.11469381401860296,0.2809856425078718,-0.1371814918020391,0.40625,0.4523809523809524,0.375
CIN,15,DEN,-0.034293868386764806,-0.028801915481030487,-0.07872144810556037,0.35294117647058826,0.3548387096774194,0.3333333333333333
CIN,16,BAL,0.499135580170028,0.6370486017466552,-0.07311864441289802,0.4927536231884058,0.5636363636363636,0.25
CLE,1,KC,0.2751701959935262,0.34777396848199493,0.07151173820225866,0.5964912280701754,0.5454545454545454,0.5925925925925926
CLE,2,HOU,0.1491408912063171,0.1129465280662708,0.14820846649722585,0.5740740740740741,0.6206896551724138,0.5172413793103449
CLE,3,CHI,0.042590341755852204,0.03232397468830714,0.011458838349289067,0.4533333333333333,0.5,0.39473684210526316
CLE,4,MIN,-0.06986561034218627,-0.140852140865287,0.034525054550219966,0.38666666666666666,0.36585365853658536,0.40540540540540543
CLE,5,LAC,0.3032052962796783,0.3066654796817453,0.2655345236725064,0.5,0.4594594594594595,0.5294117647058824
CLE,6,ARI,-0.27024951666508884,-0.3223519429957377,-0.26045714235729783,0.32727272727272727,0.325,0.3157894736842105
CLE,7,DEN,0.23307190003902994,0.19495425149221607,0.15295559294378003,0.5909090909090909,0.5277777777777778,0.5882352941176471
CLE,8,PIT,-0.10204018153358761,0.013133871645941066,-0.2258513888889204,0.41379310344827586,0.5135135135135135,0.2727272727272727
CLE,9,CIN,0.31181367292889317,0.5201088647890985,0.09775007816854402,0.391304347826087,0.4583333333333333,0.3333333333333333
CLE,10,NE,-0.17957799280953496,-0.22433966991957277,-0.0451650983071886,0.39655172413793105,0.4358974358974359,0.35
CLE,11,DET,-0.06189812756470528,-0.0206030394869361,-0.03278601169057021,0.390625,0.41025641025641024,0.3939393939393939
CLE,12,BAL,-0.19932210261118924,-0.09414781380610343,-0.2697510975755422,0.3333333333333333,0.37209302325581395,0.29411764705882354
CLE,14,BAL,-0.06903661275846613,0.14071645733551444,-0.2226328127249144,0.3898305084745763,0.5263157894736842,0.24
CLE,15,LV,-0.020026086310765082,0.10495815149415057,-0.1800190724618733,0.33962264150943394,0.4666666666666667,0.2
CLE,16,GB,0.15247909334093226,-0.028516950101129465,0.4520873599141613,0.5454545454545454,0.4772727272727273,0.6521739130434783
DAL,1,TB,0.12302168851680507,0.222191439062477,-0.29159140112820064,0.5064935064935064,0.5652173913043478,0.26666666666666666
DAL,2,LAC,0.10290378556756455,-0.013906137515362398,0.2529607327921148,0.5833333333333334,0.5483870967741935,0.6129032258064516
DAL,3,PHI,0.09832874330373562,0.2890975828872927,-0.11564435534819498,0.5882352941176471,0.6571428571428571,0.5263157894736842
DAL,4,CAR,0.2589853363757346,0.3558328236157972,0.14174166309553377,0.5535714285714286,0.5555555555555556,0.5483870967741935
DAL,5,NYG,0.1767300203575725,0.3843172348458553,0.013214166559732687,0.4864864864864865,0.5641025641025641,0.41025641025641024
DAL,6,NE,0.16146111838554478,0.37419971136666047,-0.36518959879231266,0.4939759036144578,0.543859649122807,0.34375
DAL,8,MIN,0.02564635920108721,0.08550369541300185,-0.11403992933818423,0.39705882352941174,0.46,0.30434782608695654
DAL,9,DEN,-0.16089762838890426,-0.2054159823050925,-0.07233105395606254,0.3898305084745763,0.34782608695652173,0.5
DAL,10,ATL,0.18561156194669728,0.6289330181323936,-0.37467949585115673,0.4142857142857143,0.5641025641025641,0.2571428571428571
DAL,11,KC,-0.2606907522321421,-0.2903048146515066,-0.07792653548312956,0.359375,0.36,0.375
DAL,12,LV,0.08413501786672915,0.17774993444077047,-0.153041564729863,0.44285714285714284,0.49056603773584906,0.3333333333333333
DAL,13,NO,-0.1071633794648316,-0.22893117876438937,0.08153208360696837,0.3064516129032258,0.3695652173913043,0.19047619047619047
DAL,14,WAS,-0.14414596494578272,-0.18234870087233562,-0.05427736595010695,0.40789473684210525,0.38461538461538464,0.43333333333333335
DAL,15,NYG,0.029589192641689667,0.021014684344060213,0.059202013309623346,0.47058823529411764,0.4878048780487805,0.4642857142857143
DAL,16,WAS,0.34290919755908866,0.553019513625607,-0.0520981966459658,0.5,0.574468085106383,0.36
DEN,1,NYG,0.28143927155793175,0.4726978906035121,-0.03222486367681991,0.45454545454545453,0.5609756097560976,0.28
DEN,2,JAX,0.14256751813019564,0.31322504171283816,0.009621204928003458,0.47692307692307695,0.55,0.4074074074074074
DEN,3,NYJ,-0.013923802685077893,0.5208552184999236,-0.4017998986345873,0.4603174603174603,0.6129032258064516,0.34285714285714286
DEN,4,BAL,-0.22052666170165433,-0.36305115828012774,0.10543348132769632,0.3559322033898305,0.3181818181818182,0.4117647058823529
DEN,5,PIT,0.13376691172459973,0.1538098175065116,-0.015850743309676868,0.4915254237288136,0.5348837209302325,0.35294117647058826
DEN,6,LV,-0.0015980333686405547,0.009965713679184569,-0.035494146641047504,0.45454545454545453,0.4915254237288136,0.36363636363636365
DEN,7,CLE,0.1103138660213777,0.16859821175522585,-0.06579822634895598,0.46938775510204084,0.4722222222222222,0.42857142857142855
DEN,8,WAS,0.07886552752341743,0.11345554353104598,-0.026012171401155415,0.45098039215686275,0.41935483870967744,0.45454545454545453
DEN,9,DAL,0.16299446744162088,0.32356845351307967,0.00801525004078161,0.4444444444444444,0.42857142857142855,0.43902439024390244
DEN,10,PHI,-0.2609554527726676,-0.08125344773185499,-0.48290787271398594,0.38181818181818183,0.3684210526315789,0.45
DEN,12,LAC,0.12325699759847403,0.17876035158406012,0.02894924101747169,0.40350877192982454,0.42857142857142855,0.375
DEN,13,KC,-0.13518888044328747,-0.25305513088317927,0.010750433515308296,0.4931506849315068,0.4489795918367347,0.5357142857142857
DEN,14,DET,0.2547231132540709,0.41790448826806686,0.16613919149385764,0.5384615384615384,0.5555555555555556,0.525
DEN,15,CIN,-0.1588979265556866,-0.137110567125496,-0.11981457248541781,0.4225352112676056,0.3333333333333333,0.5454545454545454
DEN,16,LV,-0.2537008655337383,-0.057545013265459806,-0.4723791344052491,0.275,0.37037037037037035,0.13333333333333333
DET,1,SF,-0.07651355117850558,-0.026074858404726568,0.014945383072786367,0.45348837209302323,0.4788732394366197,0.47619047619047616
DET,2,GB,-0.00835459634154587,0.0687116708244677,-0.20979530723868972,0.5535714285714286,0.5641025641025641,0.5
DET,3,BAL,-0.041752231278742766,0.10254467392385574,-0.14409194890464644,0.38333333333333336,0.4722222222222222,0.2962962962962963
DET,4,CHI,-0.050385962710403076,0.14199544551554433,-0.2897292538085215,0.47761194029850745,0.5531914893617021,0.375
DET,5,MIN,-0.20335473468803827,-0.2979092570793021,0.04447186743467076,0.359375,0.4090909090909091,0.3333333333333333
DET,6,CIN,-0.1645131698245948,-0.1816092702347147,-0.16058954092167207,0.36065573770491804,0.37777777777777777,0.29411764705882354
DET,7,LA,0.0740755678505197,0.061290377562725505,-0.01884696559417686,0.47692307692307695,0.48717948717948717,0.4
DET,8,PHI,-0.4051318638416027,-0.49700580350803886,-0.15608404560685707,0.3559322033898305,0.37777777777777777,0.29411764705882354
DET,10,PIT,-0.10570340349758378,-0.3827851791232439,0.12765311931544046,0.2835820895522388,0.25806451612903225,0.3333333333333333
DET,11,CLE,-0.2426188812510984,-0.5038261568709277,0.04602123984655548,0.30434782608695654,0.28,0.34782608695652173
DET,12,CHI,-0.03321762006057216,0.014960608259705807,-0.21478792039190672,0.4,0.4444444444444444,0.2727272727272727
DET,13,MIN,-0.07310056666398353,0.11463388993797373,-0.329044708523455,0.463768115942029,0.5454545454545454,0.34615384615384615
DET,14,DEN,-0.13153495619899339,-0.15431719851324796,-0.15061665915085806,0.45161290322580644,0.42857142857142855,0.47619047619047616
DET,15,ARI,0.04953930540346406,0.5662720705276871,-0.33513137451056213,0.45161290322580644,0.6,0.34285714285714286
DET,16,ATL,0.08526055730088816,0.14171396971028316,0.025385725957590418,0.4264705882352941,0.42857142857142855,0.42424242424242425
GB,1,NO,-0.4101972555403469,-0.39586618119116335,-0.29034538182168035,0.36538461538461536,0.4146341463414634,0.3125
GB,2,DET,0.29684772211680466,0.6324306636574745,-0.12656440272761615,0.5263157894736842,0.6285714285714286,0.38461538461538464
GB,3,SF,0.12126198663004428,0.37868820721128127,-0.012601342678535729,0.47368421052631576,0.5277777777777778,0.44
GB,4,PIT,0.03918115609704359,0.1249897649268045,-0.07523032234263761,0.4857142857142857,0.45,0.5333333333333333
GB,5,CIN,0.13756126838103552,0.2171844392332062,0.040146106095725845,0.45161290322580644,0.5,0.391304347826087
GB,6,CHI,0.24282525656388776,0.3263146340982017,0.14847492919303476,0.5471698113207547,0.6,0.48
GB,7,WAS,0.0934199211225281,0.32977300433229323,-0.6641572664125955,0.4339622641509434,0.5,0.21428571428571427
GB,8,ARI,0.08475255907858385,0.05712040492730808,0.12718849366228824,0.4647887323943662,0.475,0.46875
GB,9,KC,-0.005595703106912782,0.006678902238624694,-0.043720010443146086,0.38333333333333336,0.3902439024390244,0.4090909090909091
GB,10,SEA,0.06424507342602107,0.06592321448299657,0.046963144266497225,0.45714285714285713,0.46511627906976744,0.45161290322580644
GB,11,MIN,0.4514588512850176,0.5755418766041249,-0.09491105655701283,0.49056603773584906,0.5365853658536586,0.35294117647058826
GB,12,LA,0.0743950596678031,0.15962405386825257,-0.1123237612473531,0.3974358974358974,0.42857142857142855,0.34375
GB,14,CHI,0.32115491014654096,0.39613092795151833,0.13069627145887353,0.5806451612903226,0.625,0.4782608695652174
GB,15,BAL,0.35772844380812135,0.5799957881989181,0.024686423505911426,0.5964912280701754,0.6923076923076923,0.47619047619047616
GB,16,CLE,0.16265658335380706,0.14398448712771805,0.1544152219708928,0.49122807017543857,0.37142857142857144,0.6521739130434783
HOU,1,JAX,0.15667379955718094,0.44038052227332497,-0.1543086028572902,0.4189189189189189,0.525,0.32432432432432434
HOU,2,CLE,0.09622291173907882,0.4774582475511043,-0.2668455796837979,0.39655172413793105,0.5294117647058824,0.25925925925925924
HOU,3,CAR,-0.29117589492158785,-0.07375468132547842,-0.3579913069169331,0.3541666666666667,0.4857142857142857,0.2631578947368421
HOU,4,BUF,-0.8317076259298206,-1.107514655799605,-0.3575725304579143,0.21428571428571427,0.2,0.17647058823529413
HOU,5,NE,0.19214181443077535,0.5360267650411514,-0.29411930126904434,0.39285714285714285,0.5428571428571428,0.20833333333333334
HOU,6,IND,-0.22369105341177692,-0.21356435597181408,-0.24968023348732718,0.40540540540540543,0.46808510638297873,0.2857142857142857
HOU,7,ARI,-0.459868938217872,-0.5107447344702802,-0.5610382464330863,0.2857142857142857,0.3076923076923077,0.17647058823529413
HOU,8,LA,-0.11725698432405664,-0.1706498204769415,-0.014105953062418852,0.4406779661016949,0.4444444444444444,0.375
HOU,9,MIA,-0.3059390794107405,-0.37369804305075266,-0.21282175203668885,0.3333333333333333,0.36538461538461536,0.1875
HOU,11,TEN,-0.08091851342002389,0.23561143483496066,-0.3601959909103564,0.3225806451612903,0.5,0.17647058823529413
HOU,12,NYJ,-0.2770485900015915,-0.2753285014634579,-0.17532254661099336,0.2727272727272727,0.35294117647058826,0.21739130434782608
HOU,13,IND,-0.6233198415872175,-0.7626439633014662,-0.2719921544659883,0.28,0.24324324324324326,0.3333333333333333
HOU,14,SEA,-0.14047546017473683,-0.09588010081155884,-0.26991707212194643,0.4666666666666667,0.5178571428571429,0.3333333333333333
HOU,15,JAX,-0.017984420525707888,0.11301517526762356,-0.22290525592273167,0.3508771929824561,0.3870967741935484,0.2857142857142857
HOU,16,LAC,0.31430761372163524,0.6009539759449981,0.07674209060417991,0.4444444444444444,0.6,0.35135135135135137
IND,1,SEA,-0.09623154199718663,0.057961618917806795,-0.358067516723728,0.4444444444444444,0.5319148936170213,0.3103448275862069
IND,2,LA,-0.08011950957011194,-0.07326419081467785,-0.09480947833175637,0.4393939393939394,0.4888888888888889,0.3333333333333333
IND,3,TEN,-0.045294459680429215,-0.13032044531397577,0.33209786750796094,0.38596491228070173,0.37209302325581395,0.5555555555555556
IND,4,MIA,0.18585210800156893,0.3016660112955627,-0.025789166904360172,0.421875,0.4166666666666667,0.40625
IND,5,BAL,0.3114101521987436,0.38453700504352617,0.14495164092186752,0.484375,0.5,0.48
IND,6,HOU,0.2828231741774165,0.2626237380745237,0.3021809671093554,0.40425531914893614,0.43478260869565216,0.375
IND,7,SF,-0.09677692294651553,0.17927718001913032,-0.1788556009811476,0.3114754098360656,0.34285714285714286,0.3333333333333333
IND,8,TEN,-0.14061487678855988,-0.08082736196794052,0.019242974296156762,0.4861111111111111,0.4915254237288136,0.47619047619047616
IND,9,NYJ,0.4405301507604306,0.4591414705497759,0.4086578777631595,0.55,0.6666666666666666,0.42857142857142855
IND,10,JAX,-0.046967409368207244,-0.10356008251671935,-0.03710769217927008,0.3898305084745763,0.3611111111111111,0.4
IND,11,BUF,0.26709584012962156,0.4331523082940072,0.21616795342082504,0.5303030303030303,0.5,0.5555555555555556
IND,12,TB,-0.017277373723483605,-0.0705696393174623,0.15232567301589167,0.4626865671641791,0.45098039215686275,0.5
IND,13,HOU,0.167702922931,0.07933955578669431,0.19829430577681503,0.5652173913043478,0.52,0.5777777777777777
IND,15,NE,0.0027400946988546514,-0.48232458253311405,0.1913763580668425,0.42,0.35714285714285715,0.4444444444444444
IND,16,ARI,0.07166289383937421,0.2568688979945875,-0.18171481352539795,0.3548387096774194,0.4864864864864865,0.22580645161290322
JAX,1,HOU,-0.0424449214119831,-0.07540459444100168,0.007264501349709459,0.4626865671641791,0.4107142857142857,0.5625
JAX,2,DEN,-0.2524367130939682,-0.11703014341106206,-0.13858782913303003,0.35294117647058826,0.3902439024390244,0.4
JAX,3,ARI,-0.1572958153493416,-0.3886474229482701,0.12131265141673524,0.5384615384615384,0.5,0.5555555555555556
JAX,4,CIN,0.18333087567959658,0.30986388155932737,0.08828137101331127,0.5454545454545454,0.6071428571428571,0.5
JAX,5,TEN,-0.06351833478457991,-0.15838792101383709,0.13399599891064493,0.5522388059701493,0.4883720930232558,0.6428571428571429
JAX,6,MIA,0.05585073509922253,0.17960770072577767,-0.3540002183167655,0.45161290322580644,0.5217391304347826,0.2631578947368421
JAX,8,SEA,-0.1496829164233569,-0.11413371186615129,-0.2201584878939149,0.4383561643835616,0.4827586206896552,0.29411764705882354
JAX,9,BUF,-0.20877131353213205,0.02351707073136436,-0.33918826902559623,0.35714285714285715,0.40625,0.35714285714285715
JAX,10,IND,-0.013767781078577943,-0.1155679119339354,0.17473012044155478,0.4126984126984127,0.37777777777777777,0.47619047619047616
JAX,11,SF,-0.09760100494759762,-0.02683775369335763,-0.20410461448676262,0.4318181818181818,0.4838709677419355,0.3333333333333333
JAX,12,ATL,-0.01351073947199593,-0.026777634012947082,-0.04271105686036337,0.4861111111111111,0.4,0.6071428571428571
JAX,13,LA,-0.3818390201454432,0.004289609382491739,-0.8399557635420933,0.3090909090909091,0.4166666666666667,0.21739130434782608
JAX,14,TEN,-0.4312912876541982,-0.4122441539038072,-0.7038874099671375,0.29411764705882354,0.2978723404255319,0.125
JAX,15,HOU,-0.07602174190147049,-0.14466544911595153,-0.008486487679572292,0.38461538461538464,0.38636363636363635,0.36
JAX,16,NYJ,0.09146148206603755,0.22528366896546903,0.024037075888596406,0.5211267605633803,0.5777777777777777,0.4642857142857143
KC,1,CLE,0.33906206068226813,0.5111299672859023,-0.16084052296031992,0.48333333333333334,0.5555555555555556,0.3333333333333333
KC,2,BAL,0.291301350969327,0.5360147574260323,-0.22750668476672015,0.5714285714285714,0.6363636363636364,0.4444444444444444
KC,3,LAC,0.06930172667163799,0.11192256488199087,-0.045751367518767856,0.5394736842105263,0.5471698113207547,0.5384615384615384
KC,4,PHI,0.5315079557908429,0.6452281695452066,0.2402020977679058,0.6451612903225806,0.6578947368421053,0.5714285714285714
KC,5,BUF,-0.157711290219852,0.06122608770546804,-0.4542419234549015,0.5063291139240507,0.5571428571428572,0.4375
KC,6,WAS,0.1262349778587814,0.279994909945273,-0.23990490003256126,0.5,0.5789473684210527,0.36
KC,7,TEN,-0.10087683634793777,-0.12132090863840339,-0.14733734725242748,0.4925373134328358,0.46875,0.5714285714285714
KC,8,NYG,0.014602612260779973,-0.027660602964830777,0.040910724373534324,0.4868421052631579,0.4909090909090909,0.48
KC,9,GB,-0.15486336765170897,-0.1614182918793136,-0.021520438070064814,0.3770491803278688,0.4,0.391304347826087
KC,10,LV,0.3900354776372419,0.5671289728643779,-0.05287919390199628,0.5405405405405406,0.5686274509803921,0.4583333333333333
KC,11,DAL,-0.07196709575388406,-0.21529693341179568,0.09191781093382319,0.46875,0.4318181818181818,0.5
KC,13,DEN,-0.04009537379795361,-0.14554177933120777,-0.0070264757901895795,0.4423076923076923,0.37142857142857144,0.5
KC,14,LV,0.3498478394539959,0.5745734974055866,0.07687148168746256,0.5740740740740741,0.6666666666666666,0.4583333333333333
KC,15,LAC,0.16720440482922397,0.2572826363773556,-0.023300898018265695,0.47761194029850745,0.5471698113207547,0.29411764705882354
KC,16,PIT,0.2263228236552978,0.5004686555421431,-0.053930214435739726,0.4925373134328358,0.5757575757575758,0.4166666666666667
LA,1,CHI,0.44448121961232656,0.6146027129725325,0.020850929249718327,0.5,0.5357142857142857,0.4
LA,2,IND,0.07605472641060891,0.3785413163814614,-0.2696442335560796,0.4666666666666667,0.5625,0.35714285714285715
LA,3,TB,0.22583147739035817,0.4601787442848907,-0.17695645571538163,0.4262295081967213,0.5121951219512195,0.3181818181818182
LA,4,ARI,0.009420315072295116,0.10996590049631207,-0.15696499478362966,0.5873015873015873,0.5957446808510638,0.6
LA,5,SEA,0.21501253483871216,0.369884966715625,0.004828520148616158,0.5151515151515151,0.5526315789473685,0.4642857142857143
LA,6,NYG,0.16567818636440443,0.43150953194375946,-0.13981467583182053,0.49230769230769234,0.5428571428571428,0.41935483870967744
LA,7,DET,0.1774766306455954,0.416496471472201,-0.2613529639990889,0.45,0.5652173913043478,0.23529411764705882
LA,8,HOU,0.21718801174112992,0.4631371413141122,0.02960234446518664,0.5151515151515151,0.5555555555555556,0.4838709677419355
LA,9,TEN,-0.24247654738981136,-0.29225498116336857,-0.08598052957386249,0.40540540540540543,0.43103448275862066,0.35
LA,10,SF,-0.21580670513075362,-0.2418855793955266,0.09916422910302772,0.37037037037037035,0.40425531914893614,0.3333333333333333
LA,12,GB,-0.11762415471415762,-0.06493807979159369,-0.23408810980614111,0.4426229508196721,0.42857142857142855,0.47368421052631576
LA,13,JAX,0.24002149193580033,0.32198789151586177,0.10390437916333628,0.5151515151515151,0.5365853658536586,0.48148148148148145
LA,14,ARI,0.21822441853800306,0.36658146666692826,-0.13123488863320312,0.46296296296296297,0.4864864864864865,0.38095238095238093
LA,15,SEA,-0.08300676775042735,-0.0035023128022313925,-0.0943896153140314,0.3728813559322034,0.40540540540540543,0.34615384615384615
LA,16,MIN,-0.04217987619933105,-0.23706378185803598,0.19671007267262985,0.463768115942029,0.42105263157894735,0.5161290322580645
LAC,1,WAS,0.11150861896243427,0.18073698196893068,-0.07773519404313098,0.48,0.5576923076923077,0.3076923076923077
LAC,2,DAL,0.09433346691218679,0.03364155290912599,0.0037141079628840055,0.49206349206349204,0.47058823529411764,0.45
LAC,3,KC,0.2338182503023298,0.4242649359272649,-0.0975540455730975,0.5409836065573771,0.5652173913043478,0.47368421052631576
LAC,4,LV,0.04696104035247117,0.06030067737308508,0.055154801726530395,0.4520547945205479,0.40476190476190477,0.53125
LAC,5,CLE,0.3053580821669809,0.4334391585618767,0.1784173081527863,0.4492753623188406,0.49056603773584906,0.38095238095238093
LAC,6,BAL,-0.32787016786652495,-0.3270762771536182,-0.3480949189715003,0.33962264150943394,0.35555555555555557,0.2727272727272727
LAC,8,NE,-0.02893751618520082,-0.21669351696121603,0.2771333581584163,0.3684210526315789,0.35,0.3684210526315789
LAC,9,PHI,0.2925569687949158,0.5839628215910724,-0.25455721688250865,0.5230769230769231,0.5952380952380952,0.38461538461538464
LAC,10,MIN,-0.12435944578271266,-0.05354770605718682,-0.014087651384114802,0.43636363636363634,0.5121951219512195,0.3888888888888889
LAC,11,PIT,0.33891402130503784,0.44074439578898306,-0.24083723312651273,0.5454545454545454,0.6037735849056604,0.35
LAC,12,DEN,-0.006008898560294033,-0.047798617863762174,-0.16074591966417545,0.5076923076923077,0.4827586206896552,0.46153846153846156
LAC,13,CIN,0.016383483233566646,0.0018774564818734684,-0.05546257188999215,0.46774193548387094,0.46511627906976744,0.42857142857142855
LAC,14,NYG,0.22179390767962204,0.46432669121487063,-0.03924313187775569,0.5147058823529411,0.5833333333333334,0.45454545454545453
LAC,15,KC,-0.016407539711321882,-0.03290954796491773,0.0328095555539928,0.47435897435897434,0.46511627906976744,0.5
LAC,16,HOU,0.049753127136540794,0.22694688292644818,-0.32735439603775734,0.5833333333333334,0.7045454545454546,0.3333333333333333
LV,1,BAL,0.01703743422120035,0.20862105213022658,-0.44334190045562794,0.4358974358974359,0.5,0.2727272727272727
LV,2,PIT,0.21759306863174183,0.48640784462014014,-0.3448627786594973,0.515625,0.5952380952380952,0.3333333333333333
LV,3,MIA,0.015241766698278023,0.11588510768729264,-0.18741933454978554,0.45569620253164556,0.46808510638297873,0.4117647058823529
LV,4,LAC,-0.2330633135807458,-0.13418420839018355,-0.29258365792338736,0.35714285714285715,0.36585365853658536,0.375
LV,5,CHI,-0.1784115612968533,-0.2181421721604437,-0.10434832386506189,0.3770491803278688,0.34782608695652173,0.47619047619047616
LV,6,DEN,0.3240670745443468,0.5721311516015677,-0.0774711880440009,0.47058823529411764,0.5,0.4166666666666667
LV,7,PHI,0.2552581456644,0.420405271223131,-0.09588728790705023,0.5806451612903226,0.6216216216216216,0.4642857142857143
LV,9,NYG,-0.04742834580228322,-0.14876213991496798,0.17568698386021425,0.5522388059701493,0.5306122448979592,0.6
LV,10,KC,-0.1638469103970291,-0.09921937619151854,-0.25686782106376166,0.3333333333333333,0.3953488372093023,0.18181818181818182
LV,11,CIN,-0.27526114457188133,-0.3067385719214007,-0.2245475116198779,0.46808510638297873,0.5172413793103449,0.3888888888888889
LV,12,DAL,0.07114805282872187,0.47290526962359863,-0.27652375772674065,0.35526315789473684,0.4489795918367347,0.2702702702702703
LV,13,WAS,-0.02074411599387861,0.06316101967510283,-0.13755457889471603,0.45614035087719296,0.5111111111111111,0.35714285714285715
LV,14,KC,-0.2980955987856198,-0.16235564872719385,-0.5992803828065427,0.4098360655737705,0.43137254901960786,0.38461538461538464
LV,15,CLE,-0.008978662834787918,0.034498585576228216,-0.09336385938783039,0.515625,0.5,0.48148148148148145
LV,16,DEN,-0.09209659586536034,-0.06271961523897521,-0.07371751233170339,0.49206349206349204,0.5666666666666667,0.42857142857142855
MIA,1,NE,0.032629707944696315,0.017913207053009736,-0.00916411284457094,0.46938775510204084,0.4666666666666667,0.42857142857142855
MIA,2,BUF,-0.455033309228779,-0.4363620819803736,-0.3459389341878705,0.3188405797101449,0.3508771929824561,0.25
MIA,3,LV,-0.07137114896819344,0.08226427113418192,-0.2850132432760715,0.3717948717948718,0.4426229508196721,0.23809523809523808
MIA,4,IND,-0.0973260367016226,0.032524957911592545,-0.3923137223339706,0.3673469387755102,0.47368421052631576,0.14285714285714285
MIA,5,TB,-0.027219038076748463,0.05907638408487413,-0.03522444912232458,0.45098039215686275,0.4888888888888889,0.4444444444444444
MIA,6,JAX,0.13092297358219676,0.23960671573489592,-0.30515385239333326,0.47761194029850745,0.5490196078431373,0.2222222222222222
MIA,7,ATL,0.1054897257409925,0.16672329255258286,-0.08938779300121868,0.5428571428571428,0.5652173913043478,0.4444444444444444
MIA,8,BUF,-0.1186998811343608,0.003937584554656842,-0.29129151195382136,0.4,0.3958333333333333,0.42857142857142855
MIA,9,HOU,-0.19194332060096558,-0.011897106475703842,-0.4696240769396536,0.375,0.5,0.2
MIA,10,BAL,-0.05595272255790519,-0.053308132331264656,-0.1281928636522743,0.36065573770491804,0.3617021276595745,0.3157894736842105
MIA,11,NYJ,0.18175673330202605,0.4285777887853895,-0.11242525856716616,0.4696969696969697,0.6,0.3225806451612903
MIA,12,CAR,0.06867583652281062,0.11846459100412461,-0.043035868237661014,0.44285714285714284,0.4857142857142857,0.3783783783783784
MIA,13,NYG,-0.032823606994002726,0.08615781129290297,-0.25475556738472177,0.43283582089552236,0.5555555555555556,0.21739130434782608
MIA,15,NYJ,-0.025897400880122743,0.034008658655966945,-0.06087588817762161,0.47761194029850745,0.53125,0.43243243243243246
MIA,16,NO,-0.10775471864922953,0.042457080538978995,-0.25873175271666576,0.3728813559322034,0.5294117647058824,0.22580645161290322
MIN,1,CIN,0.04741005478363887,0.18165198294785417,-0.3461879021474901,0.4189189189189189,0.45,0.3181818181818182
MIN,2,ARI,0.19260803797257067,0.280481989236582,0.03316955632180907,0.5166666666666667,0.5428571428571428,0.46153846153846156
MIN,3,SEA,0.23114050706555964,0.5116262495520804,-0.109078978825294,0.4794520547945205,0.675,0.2571428571428571
MIN,4,CLE,-0.261793651063213,-0.2382982898154296,-0.25465060382183374,0.3064516129032258,0.3111111111111111,0.3333333333333333
MIN,5,DET,-0.06186053169113464,0.10210190282873131,-0.41869390218775593,0.38095238095238093,0.4864864864864865,0.20689655172413793
MIN,6,CAR,0.07717723227605448,0.1663336608984285,-0.06626626026493154,0.4235294117647059,0.52,0.2894736842105263
MIN,8,DAL,-0.2284484552861826,-0.1710566129446222,-0.17637776337902655,0.3,0.3488372093023256,0.3181818181818182
MIN,9,BAL,0.17361283507499906,0.32518548925988583,0.019236430490855164,0.38461538461538464,0.43333333333333335,0.32
MIN,10,LAC,0.1347923620815821,0.12491510780164321,0.009216061154747346,0.4927536231884058,0.4418604651162791,0.5151515151515151
MIN,11,GB,0.2848264785351416,0.6436459607965596,-0.07784528914375032,0.5076923076923077,0.5897435897435898,0.42857142857142855
MIN,12,SF,-0.136396530841833,0.06048264664895457,-0.4213901926511122,0.39622641509433965,0.43243243243243246,0.3333333333333333
MIN,13,DET,0.04723255214735105,0.09953503173399685,-0.11735626672502159,0.4794520547945205,0.5,0.41379310344827586
MIN,14,PIT,0.0025212194304108752,-0.23832969701015627,0.20943801697770445,0.43283582089552236,0.38235294117647056,0.4722222222222222
MIN,15,CHI,-0.09521881615646816,-0.13251411642452662,0.011139937210828066,0.35,0.3225806451612903,0.40625
MIN,16,LA,-0.061167010858687934,0.05540420264226161,-0.32498607299241583,0.3870967741935484,0.4418604651162791,0.2631578947368421
NE,1,MIA,0.02637044989492953,0.15241042601075352,-0.19515408686129374,0.4857142857142857,0.5227272727272727,0.41935483870967744
NE,2,NYJ,-0.05415638546774344,-0.06143336414980785,0.05381183684107812,0.40350877192982454,0.4,0.4583333333333333
NE,3,NO,-0.26698901925467644,-0.2827712368250583,-0.17142901053885,0.37142857142857144,0.38596491228070173,0.3333333333333333
NE,4,TB,-0.08382583504217524,0.048896528688493326,-0.6831198103755014,0.4716981132075472,0.56,0.0
NE,5,HOU,0.015711005656976015,0.37553671761601437,-0.2995062836124112,0.48333333333333334,0.59375,0.3870967741935484
NE,6,DAL,-0.012813650061224351,-0.13738518219514606,0.10468346050707623,0.4897959183673469,0.5,0.48
NE,7,NYJ,0.4760628446639411,0.628236231025188,0.22911603112717988,0.5352112676056338,0.5217391304347826,0.5555555555555556
NE,8,LAC,-0.029235483111208573,-0.002151545376893529,-0.08483083202421816,0.4666666666666667,0.4358974358974359,0.4864864864864865
NE,9,CAR,-0.04486492712319338,-0.15805081054744152,0.040151431204788895,0.44642857142857145,0.36363636363636365,0.5135135135135135
NE,10,CLE,0.4952313477191511,0.7919167881930328,0.15265965786988311,0.5666666666666667,0.6451612903225806,0.48484848484848486
NE,11,ATL,-0.058674779325303524,-0.0006063867595904743,-0.08778083666121583,0.5087719298245614,0.59375,0.41379310344827586
NE,12,TEN,0.2345816114326382,0.3924074332105692,-0.03808035166255889,0.45614035087719296,0.5277777777777778,0.34782608695652173
NE,13,BUF,0.005808436610116439,0.011864912075301012,-0.021343961805994613,0.3958333333333333,0.3333333333333333,0.391304347826087
NE,15,IND,-0.0816336323721205,-0.010325453364016558,-0.33706326428862093,0.4307692307692308,0.4897959183673469,0.2631578947368421
NE,16,BUF,0.09267543451181458,-0.020500341736269787,0.3033146306843264,0.45,0.4358974358974359,0.5
NO,1,GB,0.2793842223599354,0.8322532849586591,-0.12461833126643407,0.5172413793103449,0.68,0.4
NO,2,CAR,-0.5337016310492929,-0.4122559148546619,-0.6850081107471712,0.2619047619047619,0.3,0.23076923076923078
NO,3,NE,0.06569204872609452,0.19028631924043615,-0.03624871805836681,0.5333333333333333,0.48148148148148145,0.5757575757575758
NO,4,NYG,0.1260401204786756,0.2897481523694587,-0.06226080881641814,0.5384615384615384,0.5555555555555556,0.4878048780487805
NO,5,WAS,0.13470329402803646,0.2705435664077023,-0.05704262426588684,0.3888888888888889,0.45714285714285713,0.3
NO,7,SEA,-0.1487624654637012,-0.0386991835215808,-0.23842356250733485,0.3787878787878788,0.4666666666666667,0.25925925925925924
NO,8,TB,0.04623009468565242,0.189104275832511,-0.10971133178995493,0.38028169014084506,0.4583333333333333,0.3076923076923077
NO,9,ATL,-0.07307324435570862,-0.017917395612241094,-0.14690814549820166,0.43661971830985913,0.5,0.32142857142857145
NO,10,TEN,0.11186557221892562,0.13597768674054875,0.037421114690091815,0.41935483870967744,0.41304347826086957,0.42857142857142855
NO,11,PHI,-0.17378772639403114,-0.12443547463907434,-0.2648954454343766,0.3870967741935484,0.4090909090909091,0.35
NO,12,BUF,-0.3406373932531283,-0.25878564024605677,-0.46163563682879927,0.2807017543859649,0.38235294117647056,0.13043478260869565
NO,13,DAL,-0.2694366624256881,-0.41679900069167514,0.002642512871799164,0.391304347826087,0.3541666666666667,0.45454545454545453
NO,14,NYJ,0.14869923685689923,0.22459255375293782,0.09587498779832718,0.47058823529411764,0.5357142857142857,0.42857142857142855
NO,15,TB,-0.2879887882100035,-0.14080935336997222,-0.44616506448308485,0.3333333333333333,0.3333333333333333,0.3225806451612903
NO,16,MIA,-0.6781994238548328,-0.9898308104978152,-0.17533798697903485,0.23529411764705882,0.22580645161290322,0.2857142857142857
NYG,1,DEN,-0.028854600484728012,0.02575199362234509,0.000769887201022416,0.43859649122807015,0.4772727272727273,0.4
NYG,2,WAS,0.0801377725951769,0.17802250536703337,0.12570637013064698,0.42857142857142855,0.4418604651162791,0.48
NYG,3,ATL,0.04237809164282798,0.1311570162101546,-0.13467270349032934,0.46875,0.5217391304347826,0.391304347826087
NYG,4,NO,0.23669252922473552,0.3023145074500576,-0.08568406930660709,0.4426229508196721,0.45652173913043476,0.3333333333333333
NYG,5,DAL,-0.12968985724492316,-0.031544709019231204,-0.2673749533889403,0.390625,0.5,0.21739130434782608
NYG,6,LA,-0.26378765937154913,-0.21879409060749327,-0.3857872606364681,0.3783783783783784,0.41379310344827586,0.29411764705882354
NYG,7,CAR,-0.10835260964899626,-0.058538248008525334,-0.2112432785922966,0.375,0.3902439024390244,0.35714285714285715
NYG,8,KC,-0.05652014615188699,0.005774070351548029,-0.10238975616650553,0.4,0.4146341463414634,0.4444444444444444
NYG,9,LV,-0.048198926614226666,0.016844181530580076,-0.07394778640095696,0.49056603773584906,0.4642857142857143,0.5185185185185185
NYG,11,TB,-0.3832695515337244,-0.44125237170139275,0.029048340927277292,0.3333333333333333,0.3181818181818182,0.5
NYG,12,PHI,-0.054655973337081776,0.13723369309420957,-0.28759531449516845,0.42105263157894735,0.5142857142857142,0.2916666666666667
NYG,13,MIA,-0.16397064620527432,-0.2604073889669945,0.13224460829994367,0.3225806451612903,0.30434782608695654,0.4117647058823529
NYG,14,LAC,-0.07148869130777712,-0.24647346156450023,0.2900676743889747,0.4696969696969697,0.37209302325581395,0.6923076923076923
NYG,15,DAL,-0.3137662558333158,-0.3614479900346351,-0.20750518419872782,0.36065573770491804,0.39473684210526316,0.32
NYG,16,PHI,-0.3596878216998941,-0.38591071167732327,-0.24650167762755645,0.3287671232876712,0.33962264150943394,0.34782608695652173
NYJ,1,CAR,-0.1851975193726905,-0.13726078013227444,-0.1866897238046176,0.3548387096774194,0.3695652173913043,0.3684210526315789
NYJ,2,NE,-0.3204931748305177,-0.45693885113132604,-0.06430999248094378,0.3880597014925373,0.3953488372093023,0.3793103448275862
NYJ,3,DEN,-0.5111708539858777,-0.6031827892463586,-0.22974336995796946,0.33962264150943394,0.34146341463414637,0.3076923076923077
NYJ,4,TEN,0.02941837865059312,0.2833538098269484,-0.2615323057631613,0.4406779661016949,0.4594594594594595,0.43478260869565216
NYJ,5,ATL,-0.03291860042245295,-0.02874937760082443,0.19684505109976538,0.4716981132075472,0.4358974358974359,0.5882352941176471
NYJ,7,NE,-0.11638322895933392,0.022589389178814687,-0.30739671490414944,0.46774193548387094,0.48936170212765956,0.42105263157894735
NYJ,8,CIN,0.051018613813239584,0.11032476945451018,0.023032368194738712,0.5714285714285714,0.6491228070175439,0.4166666666666667
NYJ,9,IND,0.20388764647942584,0.4003368082415254,-0.407752238066065,0.4666666666666667,0.5344827586206896,0.2777777777777778
NYJ,10,BUF,-0.16757749900423002,-0.0891640926002911,-0.22479756855987942,0.38571428571428573,0.40384615384615385,0.36
NYJ,11,MIA,0.06969195566737271,0.014993741267123542,0.10541828838823777,0.5084745762711864,0.5,0.5
NYJ,12,HOU,-0.04895651374842892,-0.24811615418511998,0.1145724874540502,0.41935483870967744,0.36666666666666664,0.4722222222222222
NYJ,13,PHI,0.006918496122517247,0.054786439405447585,-0.04151327958607,0.42857142857142855,0.4634146341463415,0.375
NYJ,14,NO,-0.3330136134107164,-0.29591294220772785,-0.20773765061032742,0.25806451612903225,0.2830188679245283,0.23076923076923078
NYJ,15,MIA,-0.17260380583697474,-0.32611783769638136,0.12931311810167417,0.3888888888888889,0.34285714285714286,0.47619047619047616
NYJ,16,JAX,0.14506943260125263,0.3179768797977571,0.008839322688855247,0.4915254237288136,0.4230769230769231,0.5454545454545454
PHI,1,ATL,0.2204582127005394,0.2959817075403407,-0.028011011342636706,0.5970149253731343,0.575,0.5666666666666667
PHI,2,SF,-0.013943711205535064,0.24951940718325144,-0.20485665543416778,0.4727272727272727,0.5151515151515151,0.4583333333333333
PHI,3,DAL,-0.20417401604552068,-0.2709545923851624,-0.18289723631460225,0.39622641509433965,0.37735849056603776,0.2
PHI,4,KC,0.2554008143152702,0.23531265078917357,0.289438999958414,0.5142857142857142,0.5084745762711864,0.5333333333333333
PHI,5,CAR,-0.255823759868133,-0.37037074817021415,0.05774117718254654,0.35,0.32608695652173914,0.42105263157894735
PHI,6,TB,0.020959011336755914,0.08907295641193554,0.17941316084969522,0.4166666666666667,0.3684210526315789,0.5714285714285714
PHI,7,LV,0.028527798920979393,0.18505967497682518,-0.20916875360826795,0.5147058823529411,0.5121951219512195,0.5185185185185185
PHI,8,DET,0.23345888806740697,0.402316906565388,0.17596823929707284,0.5081967213114754,0.55,0.5227272727272727
PHI,9,LAC,0.22310249524178422,0.4467605709506623,0.06044207654441848,0.5087719298245614,0.5416666666666666,0.48484848484848486
PHI,10,DEN,0.13432296041797542,0.2730658965217164,0.03125677931233924,0.4918032786885246,0.5,0.4857142857142857
PHI,11,NO,0.006143048232194914,0.02462068332749963,-0.034391988772179166,0.41333333333333333,0.3125,0.4772727272727273
PHI,12,NYG,-0.18960463795701799,-0.5273609432504813,0.13730292539366928,0.453125,0.29411764705882354,0.59375
PHI,13,NYJ,0.22870991149727374,0.6077920865729747,-0.008309665067214117,0.4852941176470588,0.6333333333333333,0.3902439024390244
PHI,15,WAS,0.12274217684016035,0.15350468975081627,0.07032204612455405,0.5142857142857142,0.5454545454545454,0.47368421052631576
PHI,16,NYG,0.022441559989787762,0.028094246121283924,-0.035960457908128046,0.4,0.375,0.41935483870967744
PIT,1,BUF,-0.06088694845276599,0.07905203185902566,-0.14309117435272234,0.38461538461538464,0.5,0.23529411764705882
PIT,2,LV,0.0016314301935341899,0.06445328367995116,-0.18683413026571669,0.32142857142857145,0.35714285714285715,0.21428571428571427
PIT,3,CIN,-0.16702867710299044,-0.09564640378174499,-0.4335485439260083,0.33766233766233766,0.40298507462686567,0.0625
PIT,4,GB,-0.14230645261340485,-0.1896279400292641,0.08592340574421756,0.3793103448275862,0.37209302325581395,0.4117647058823529
PIT,5,DEN,0.13755812033205791,0.44813996191375755,-0.09047324121085637,0.4666666666666667,0.5357142857142857,0.3888888888888889
PIT,6,SEA,0.0006549642591046417,-0.0995578020061975,0.03937801937392014,0.4142857142857143,0.4,0.41379310344827586
PIT,8,CLE,0.0578525895084479,0.052040115529605836,0.009704083065598243,0.38571428571428573,0.35,0.4117647058823529
PIT,9,CHI,0.01761491571914595,0.24142832611547002,-0.09923867023498073,0.375,0.46153846153846156,0.3870967741935484
PIT,10,DET,-0.13394759163446487,-0.13604186619793762,-0.10329425449137865,0.4,0.4107142857142857,0.3793103448275862
PIT,11,LAC,-0.020688908924196444,0.11540973966586282,-0.1038341842035556,0.4461538461538462,0.49019607843137253,0.4444444444444444
PIT,12,CIN,-0.3101300537199362,-0.3321279802094465,-0.2453201007291985,0.3389830508474576,0.3829787234042553,0.2
PIT,13,BAL,0.11303041734555182,0.29850754819523084,-0.11837965952266434,0.49122807017543857,0.5,0.5
PIT,14,MIN,-0.08083196488335341,-0.021763159352958333,-0.07485977513209471,0.44285714285714284,0.46,0.43478260869565216
PIT,15,TEN,-0.2421579089076804,-0.14513279678033958,-0.18781590360777045,0.36363636363636365,0.46875,0.3125
PIT,16,KC,-0.2797606140157428,-0.2566616050641336,-0.10658012966693302,0.42028985507246375,0.40425531914893614,0.5
SEA,1,IND,0.1977419437717576,0.4579100818132403,-0.13655425769276913,0.49056603773584906,0.5172413793103449,0.44
SEA,2,TEN,0.15459413642010494,0.22544095977878034,-0.00480180257363827,0.40384615384615385,0.39473684210526316,0.4375
SEA,3,MIN,0.09625435473239105,0.014953323808465124,0.3694020702658842,0.5192307692307693,0.5,0.6
SEA,4,SF,-0.06916201456400674,0.10761136608974388,-0.10443732838029973,0.36538461538461536,0.4,0.375
SEA,5,LA,-0.08367852495165226,0.1788762482833876,-0.36106800835907715,0.4166666666666667,0.5348837209302325,0.2727272727272727
SEA,6,PIT,-0.0512944837622572,-0.2340709988292595,0.15672704528292847,0.46774193548387094,0.4166666666666667,0.5185185185185185
SEA,7,NO,-0.12210506913009962,-0.12098997449877359,-0.12809852081943046,0.35185185185185186,0.27586206896551724,0.4230769230769231
SEA,8,JAX,0.032079806696579866,0.26893634560338425,-0.20294365470545017,0.4807692307692308,0.59375,0.375
SEA,10,GB,-0.3032766637674501,-0.3652801042806823,0.10619508803144774,0.423728813559322,0.38,0.6363636363636364
SEA,11,ARI,-0.11601083221104083,-0.1622587186688326,-0.042987853593474845,0.3673469387755102,0.3333333333333333,0.42105263157894735
SEA,12,WAS,-0.09303834595313581,0.009903979047524927,-0.2796158042355356,0.32608695652173914,0.3888888888888889,0.18181818181818182
SEA,13,SF,-0.06024553542993704,-0.14258004906280203,0.11940468931454234,0.3880597014925373,0.4666666666666667,0.28
SEA,14,HOU,0.34372740369395516,0.5290463645849942,0.09571621079209532,0.46551724137931033,0.5454545454545454,0.39285714285714285
SEA,15,LA,-0.226594229289352,-0.25631200100686446,-0.10926141102598715,0.39622641509433965,0.3888888888888889,0.42857142857142855
SEA,16,CHI,0.15440141910426752,0.058226328084619194,0.20491118293769736,0.39622641509433965,0.40625,0.375
SF,1,DET,0.2503684142332417,0.6802647126942701,-0.19606235724551851,0.5094339622641509,0.5925925925925926,0.4230769230769231
SF,2,PHI,0.09718076148432887,0.25902278119568056,-0.05782424835515024,0.4307692307692308,0.5,0.36363636363636365
SF,3,GB,0.042644284084851235,0.15695054053236274,0.10016939803608693,0.47692307692307695,0.5102040816326531,0.47619047619047616
SF,4,SEA,0.08163940663921272,0.14873328691311768,-0.1194093424268246,0.4931506849315068,0.48,0.5
SF,5,ARI,-0.1737620814155604,-0.07812917872900975,-0.3671632342674356,0.3898305084745763,0.3684210526315789,0.37037037037037035
SF,7,IND,-0.27635057423677245,-0.47340505701592456,-0.05309421317044483,0.33962264150943394,0.3125,0.34782608695652173
SF,8,CHI,0.46963671788040207,0.5209863042607038,0.3548452879940681,0.5098039215686274,0.4827586206896552,0.5217391304347826
SF,9,ARI,-0.11438524168555407,-0.07718839333134948,-0.1587385007500416,0.44642857142857145,0.46938775510204084,0.4
SF,10,LA,0.15743156391075291,0.7157011772309531,-0.0814206382030692,0.4444444444444444,0.47619047619047616,0.43478260869565216
SF,11,JAX,0.20128789416310644,0.4401318502138074,0.10093122046690925,0.484375,0.6551724137931034,0.39473684210526316
SF,12,MIN,0.12184765103269551,0.11865711258329951,0.09873808268425951,0.46153846153846156,0.4666666666666667,0.4473684210526316
SF,13,SEA,0.0008181276877192158,0.04145569283681719,-0.11033792064525189,0.4727272727272727,0.46875,0.44
SF,14,CIN,0.11700578988810677,0.09967774295162019,0.0578595015787236,0.42028985507246375,0.4375,0.34782608695652173
SF,15,ATL,0.2881209036169948,0.5340280903728847,0.1412983009868185,0.5,0.56,0.46875
SF,16,TEN,0.07704249956683708,0.032548639860895186,0.05212697772991045,0.4482758620689655,0.4358974358974359,0.42857142857142855
TB,1,DAL,0.04958885844740805,0.15555249923963943,-0.2834656825211519,0.515625,0.54,0.4666666666666667
TB,2,ATL,0.06398078600882161,0.12738637747021303,-0.023957646833474025,0.49122807017543857,0.5238095238095238,0.4444444444444444
TB,3,LA,0.18315256237390684,0.1898622881367323,-0.016718021250033573,0.5211267605633803,0.5161290322580645,0.45454545454545453
TB,4,NE,0.1005567731377996,0.08159911880181359,0.1243178672851242,0.43661971830985913,0.4166666666666667,0.46153846153846156
TB,5,MIA,0.5237830395949029,0.7435453146220543,0.09309450870551654,0.6119402985074627,0.7142857142857143,0.42857142857142855
TB,6,PHI,0.2648134835043623,0.3272257795866016,0.14178376509968577,0.5428571428571428,0.5581395348837209,0.5172413793103449
TB,7,CHI,0.1402432883153515,0.2486077732520437,0.010413051943032745,0.4857142857142857,0.4634146341463415,0.53125
TB,8,NO,-0.030617275510338483,-0.019809239565964,-0.19756394977320452,0.4745762711864407,0.4888888888888889,0.375
TB,10,WAS,-0.018615094146888413,-0.11392626792607428,0.1552943955265129,0.46808510638297873,0.4,0.6153846153846154
TB,11,NYG,0.10691125928341169,0.14083448628897527,-0.012724943340193326,0.527027027027027,0.5471698113207547,0.4583333333333333
TB,12,IND,0.09489456912248212,0.053523160864774995,0.33868972005870157,0.6290322580645161,0.5641025641025641,0.7777777777777778
TB,13,ATL,0.2071224882741537,0.32204724240336174,-0.19109055257740043,0.4626865671641791,0.5192307692307693,0.29411764705882354
TB,14,BUF,0.17018949706605474,0.27012487571328575,0.05516923596849665,0.48,0.5636363636363636,0.36
TB,15,NO,-0.30132554280707863,-0.3370180462718886,-0.09030071698070968,0.3561643835616438,0.35185185185185186,0.4
TB,16,CAR,0.18307683460837015,0.28942754362466017,0.07619081986558737,0.4126984126984127,0.45714285714285713,0.40625
TEN,1,ARI,-0.3256597406822204,-0.3099050454764552,-0.3322698177071288,0.421875,0.4888888888888889,0.3
TEN,2,SEA,0.16294778863424356,0.2507984387915241,0.06169055411424454,0.5121951219512195,0.625,0.38461538461538464
TEN,3,IND,0.012775097409987266,0.1533302687648758,-0.01644624139032984,0.4375,0.5625,0.35294117647058826
TEN,4,NYJ,0.021808448393754298,0.046174231046082835,0.011389247869007557,0.4574468085106383,0.4603174603174603,0.4594594594594595
TEN,5,JAX,0.2611688342595676,0.4280724492446754,0.12395188042727248,0.4918032786885246,0.48148148148148145,0.4864864864864865
TEN,6,BUF,0.25212000418077785,0.19304813602200352,0.26656562370286946,0.46,0.5161290322580645,0.38095238095238093
TEN,7,KC,0.18901255211596266,0.6181013710079745,-0.22318342295087254,0.532258064516129,0.696969696969697,0.36363636363636365
TEN,8,IND,0.09877919314827296,0.15239603405122254,-0.08109359720291438,0.43283582089552236,0.525,0.28125
TEN,9,LA,-0.0774139069221829,-0.03312737844862565,-0.0007550974539481015,0.41818181818181815,0.46875,0.4
TEN,10,NO,-0.06642905986650269,0.13784829693958509,-0.19527837691591987,0.39285714285714285,0.5,0.3076923076923077
TEN,11,HOU,-0.1867097701823569,-0.1849811501268522,-0.16599722195062966,0.4936708860759494,0.5370370370370371,0.4230769230769231
TEN,12,NE,-0.08931642943856663,-0.3112544679851472,0.09089717579061267,0.45901639344262296,0.38461538461538464,0.5277777777777778
TEN,14,JAX,0.03727966513062392,0.19643137295224947,-0.22442074015094673,0.3939393939393939,0.5128205128205128,0.2413793103448276
TEN,15,PIT,-0.20352428726355148,-0.46081454779511405,-0.00043531657244853296,0.44871794871794873,0.358974358974359,0.5121951219512195
TEN,16,SF,0.05735882875774413,0.21558976303507926,-0.29822999217760077,0.3793103448275862,0.43243243243243246,0.28
WAS,1,LAC,-0.0987543364632258,0.06741908870122071,-0.1884489574655891,0.40816326530612246,0.43333333333333335,0.4
WAS,2,NYG,0.09911073908838244,0.013084057282781614,0.3150749158751416,0.5,0.47058823529411764,0.5789473684210527
WAS,3,BUF,-0.19207280000206078,-0.07515108082032598,-0.447581473752507,0.34,0.38235294117647056,0.3
WAS,4,ATL,0.24347715715094412,0.5323028488012748,-0.27273633990807383,0.5079365079365079,0.5476190476190477,0.4166666666666667
WAS,5,NO,-0.14509009286696367,-0.16318552597094343,-0.06922075202552756,0.45454545454545453,0.4528301886792453,0.4666666666666667
WAS,6,KC,-0.16829723070952915,-0.15465173817925434,-0.2129044417769795,0.39655172413793105,0.375,0.42105263157894735
WAS,7,GB,-0.10442383095500139,-0.09670462044185736,-0.04035573258854291,0.5147058823529411,0.5106382978723404,0.5217391304347826
WAS,8,DEN,-0.016823939656422645,-0.009062451028168291,0.007404879618780283,0.39705882352941174,0.40425531914893614,0.391304347826087
WAS,10,TB,0.04197659534913022,0.18053580136715094,-0.09565194724245521,0.4305555555555556,0.5121951219512195,0.34375
WAS,11,CAR,0.19879077988362004,0.5872540759090852,-0.05093236782196899,0.47619047619047616,0.5555555555555556,0.4473684210526316
WAS,12,SEA,0.02501462800709931,0.18450585145296333,-0.10642830765608517,0.5384615384615384,0.6097560975609756,0.4634146341463415
WAS,13,LV,0.020849516334216982,0.2931396416907601,-0.1554114301201407,0.43333333333333335,0.5675675675675675,0.3448275862068966
WAS,14,DAL,-0.45756553573254494,-0.7071715591658191,0.20775341809869166,0.3333333333333333,0.2391304347826087,0.5714285714285714
WAS,15,PHI,-0.12978922658687259,-0.012103912876422939,-0.202772625199508,0.37037037037037035,0.38235294117647056,0.38095238095238093
WAS,16,DAL,-0.3386947727974205,-0.40802184583008055,-0.05049471618717929,0.30357142857142855,0.35,0.3157894736842105
